<?xml version="1.0"?>
<employee>
	<employee_code>101</employee_code>
	<employee_name>preeetham</employee_name>
	<date_of_joining>10-jan-2010</date_of_joining>
	<salary>18000</salary>
	<grade>A</grade>
	
	<employee_code>102</employee_code>
	<employee_name>aakash</employee_name>
	<date_of_joining>10-nov-2005</date_of_joining>
	<salary>48000</salary>
	<grade>C</grade>
	
	<employee_code>103</employee_code>
	<employee_name>kishore</employee_name>
	<date_of_joining>19-dec-2004</date_of_joining>
	<salary>21000</salary>
	<grade>B</grade>
	
	<employee_code>104</employee_code>
	<employee_name>reena</employee_name>
	<date_of_joining>23-jun-2006</date_of_joining>
	<salary>42000</salary>
	<grade>C</grade>
</employee>